{
  "Artist": [
    {
      "Role": "Artist",
      "Name": "akash jadhav",
      "Email": "akashramujadhav@gmail.com",
      "Art_Form": "Singing",
      "Contact_No": "7507347206",
      "Gender": "Male",
      "Address": "Pune",
      "Password": "Jadhav",
      "C_Password": "Jadhav",
      "id": 1
    },
    {
      "Role": "Artist",
      "Name": "Aishwarya Patil",
      "Email": "aish@gmail.com",
      "Art_Form": "Painting",
      "Contact_No": "1236987456",
      "Gender": "Female",
      "Address": "Kolhapur",
      "Password": "Patil",
      "C_Password": "Patil",
      "id": 2
    },
    {
      "Role": "Artist",
      "Name": "Aditya",
      "Email": "adi@gmail.com",
      "Art_Form": "Singing",
      "Contact_No": "6547896325",
      "Gender": "Male",
      "Address": "Nagpur",
      "Password": "Nagpur",
      "C_Password": "Nagpur",
      "Profile_Pic": "C:\\fakepath\\Alessandro-Pautasso-05.jpg",
      "id": 3
    },
    {
      "Role": "Artist",
      "Name": "prince",
      "Email": "prince@gmail.com",
      "Art_Form": "Dance",
      "Contact_No": "7412369852",
      "Gender": "Male",
      "Address": "Bihar",
      "Password": "Bihar",
      "C_Password": "Bihar",
      "Profile_Pic": "blob:http://127.0.0.1:5500/df27561d-bbad-4529-9e46-a4abf1c49536",
      "id": 4
    },
    {
      "Role": "Artist",
      "Name": "sanket pansare",
      "Email": "sp@gmail.com",
      "Art_Form": "Dance",
      "Contact_No": "7412369852",
      "Gender": "Male",
      "Address": "Bhigvan",
      "Password": "Sanket",
      "C_Password": "Sanket",
      "Profile_Pic": "",
      "id": 5
    },
    {
      "Role": "Artist",
      "Name": "ganesh",
      "Email": "gbage@gmail.com",
      "Art_Form": "Singing",
      "Contact_No": "1236987456",
      "Gender": "Male",
      "Address": "akluj",
      "Password": "ganesh",
      "C_Password": "ganesh",
      "Profile_Pic": "./images/Balalaika-785x523.webp",
      "id": 6
    },
    {
      "Role": "Artist",
      "Name": "Mohit",
      "Email": "m@gmail.com",
      "Art_Form": "Dance",
      "Contact_No": "6547896325",
      "Gender": "Male",
      "Address": "Pune",
      "Password": "321",
      "C_Password": "321",
      "Profile_Pic": "C:\\fakepath\\Didgeridoo-785x523.webp",
      "id": 7
    }
  ],
  "User": [
    {
      "Role": "User",
      "Name": "Shashank Diwate",
      "Email": "shashankd@gmail.com",
      "Profession": "Student",
      "Contact_No": "7896541236",
      "Gender": "Male",
      "Address": "Solopur",
      "Password": "Diwate",
      "C_Password": "Diwate",
      "id": 1
    }
  ]
}